{
  "mean": 4.4894,
  "std": 2.8594208574464863,
  "p_val": 0.408452888657686,
  "C_global": 0.4988222222222222,
  "F_global": 0.5011777777777777,
  "max_autocorr": 0.02060626583762011
}